network,n_samples,accuracy,accuracy_percent
5,7674,0.9997393797237425,99.97393797237424
