network,n_samples,accuracy,accuracy_percent
6,7341,0.9453752894700994,94.53752894700995
