{
  "records": [
    {
      "network": 5,
      "n_trials": 35640,
      "n_electrodes": 160,
      "counts_by_pattern": [
        2308,
        2181,
        2200,
        2198,
        2233,
        2239,
        2225,
        2310,
        2221,
        2095,
        2223,
        2214,
        2296,
        2177,
        2275,
        2245
      ],
      "similarity_by_circular_distance": {
        "1": 0.5846988429092157,
        "2": 0.7847502143053717,
        "3": 0.5525776042530013,
        "4": 0.655507044373483,
        "5": 0.5507009567197804,
        "6": 0.7812712798118783,
        "7": 0.5798864884330934,
        "8": 0.9244260665287678
      },
      "adjacent_similarity": 0.5846988429092157,
      "opposite_similarity": 0.9244260665287678,
      "near_similarity_d1_d2": 0.6847245286072937,
      "far_similarity_d6_d8": 0.7618612782579132,
      "near_minus_far_similarity": -0.07713674965061945,
      "response_center_angles_radians": [
        0.44185885787010193,
        2.3596434593200684,
        0.5520761609077454,
        2.815549850463867,
        -0.9381640553474426,
        -2.25354266166687,
        -0.8415188789367676,
        -2.412532329559326,
        0.3583769202232361,
        -3.04621958732605,
        0.32249194383621216,
        -2.8704562187194824,
        -0.7304717302322388,
        -1.6206316947937012,
        -0.6955997943878174,
        -1.9983607530593872
      ],
      "mean_response_center_concentration": 0.13221412675920874,
      "direction": "increasing",
      "phase_lock": 0.16070094429035045,
      "mean_abs_error_classes": 3.515916654869092,
      "offset_radians": 0.766986474208408
    },
    {
      "network": 6,
      "n_trials": 35640,
      "n_electrodes": 179,
      "counts_by_pattern": [
        2308,
        2181,
        2200,
        2198,
        2233,
        2239,
        2225,
        2310,
        2221,
        2095,
        2223,
        2214,
        2296,
        2177,
        2275,
        2245
      ],
      "similarity_by_circular_distance": {
        "1": 0.8844318227477629,
        "2": 0.841662052930302,
        "3": 0.824071269917988,
        "4": 0.8349307426823767,
        "5": 0.806187409595307,
        "6": 0.8044879251025077,
        "7": 0.8112919057533582,
        "8": 0.8450531800637955
      },
      "adjacent_similarity": 0.8844318227477629,
      "opposite_similarity": 0.8450531800637955,
      "near_similarity_d1_d2": 0.8630469378390324,
      "far_similarity_d6_d8": 0.8202776703065537,
      "near_minus_far_similarity": 0.04276926753247867,
      "response_center_angles_radians": [
        0.2621038854122162,
        0.7100351452827454,
        0.09643444418907166,
        0.34715113043785095,
        -0.1116940826177597,
        0.14599157869815826,
        0.15338703989982605,
        0.3491913974285126,
        0.7210602164268494,
        0.7996364235877991,
        0.5386460423469543,
        0.6553453207015991,
        0.13988861441612244,
        0.392232209444046,
        0.33558782935142517,
        0.5242865681648254
      ],
      "mean_response_center_concentration": 0.17293080780655146,
      "direction": "decreasing",
      "phase_lock": 0.09551324571021144,
      "mean_abs_error_classes": 3.7129016166091544,
      "offset_radians": -0.07679918982570419
    },
    {
      "network": 7,
      "n_trials": 35640,
      "n_electrodes": 105,
      "counts_by_pattern": [
        2308,
        2181,
        2200,
        2198,
        2233,
        2239,
        2225,
        2310,
        2221,
        2095,
        2223,
        2214,
        2296,
        2177,
        2275,
        2245
      ],
      "similarity_by_circular_distance": {
        "1": 0.7276612179161738,
        "2": 0.7910023453927446,
        "3": 0.7241744493180372,
        "4": 0.9076383544136055,
        "5": 0.7245619726511852,
        "6": 0.7778548458068195,
        "7": 0.7272672867059442,
        "8": 0.8746854178374455
      },
      "adjacent_similarity": 0.7276612179161738,
      "opposite_similarity": 0.8746854178374455,
      "near_similarity_d1_d2": 0.7593317816544591,
      "far_similarity_d6_d8": 0.7932691834500698,
      "near_minus_far_similarity": -0.03393740179561067,
      "response_center_angles_radians": [
        0.8016822338104248,
        2.0117135047912598,
        -3.004096746444702,
        2.311723470687866,
        0.7053144574165344,
        1.9361540079116821,
        -2.897444725036621,
        2.4148011207580566,
        1.9644497632980347,
        2.0149192810058594,
        3.0262863636016846,
        2.2819342613220215,
        1.6601073741912842,
        1.983815312385559,
        3.024831771850586,
        2.3588171005249023
      ],
      "mean_response_center_concentration": 0.12234969716519117,
      "direction": "decreasing",
      "phase_lock": 0.126596558854933,
      "mean_abs_error_classes": 3.5682109306571137,
      "offset_radians": 0.38985563950367863
    },
    {
      "network": 8,
      "n_trials": 13404,
      "n_electrodes": 139,
      "counts_by_pattern": [
        792,
        842,
        796,
        810,
        879,
        823,
        799,
        805,
        830,
        882,
        882,
        884,
        846,
        901,
        794,
        839
      ],
      "similarity_by_circular_distance": {
        "1": 0.77214430081852,
        "2": 0.6599057126991624,
        "3": 0.6186383795024024,
        "4": 0.5827203813178763,
        "5": 0.6120025090820338,
        "6": 0.6422279883979837,
        "7": 0.7411753683669529,
        "8": 0.846305015880978
      },
      "adjacent_similarity": 0.77214430081852,
      "opposite_similarity": 0.846305015880978,
      "near_similarity_d1_d2": 0.7160250067588412,
      "far_similarity_d6_d8": 0.7432361242153048,
      "near_minus_far_similarity": -0.02721111745646365,
      "response_center_angles_radians": [
        -0.6672990918159485,
        -0.635358452796936,
        -0.6785975694656372,
        -0.673421323299408,
        -0.7814905643463135,
        -0.7598795294761658,
        -0.8242645263671875,
        -0.814608097076416,
        -0.6900985836982727,
        -0.6820537447929382,
        -0.7135632634162903,
        -0.654653012752533,
        -0.8146017789840698,
        -0.7684401869773865,
        -0.8705304265022278,
        -0.813175618648529
      ],
      "mean_response_center_concentration": 0.5639804024249315,
      "direction": "decreasing",
      "phase_lock": 0.007472285517703823,
      "mean_abs_error_classes": 3.9725939228735667,
      "offset_radians": 1.940751432517262
    }
  ],
  "electrode_position_png": "/home/bnn_10fs26/pands_ibnnwml/Final_Task/task1_outputs/circularity_analysis/task1_model_electrode_positions.png"
}