network,n_samples,accuracy,accuracy_percent
5,7674,0.9996090695856138,99.96090695856138
