network,n_samples,accuracy,accuracy_percent
6,7341,0.9852881078872088,98.52881078872088
